{
    "genuine_acceptances": {
        "cosine": {
            "Dlib": {
                "0.0": 0,
                "0.1111111111111111": 2,
                "0.2222222222222222": 2,
                "0.3333333333333333": 2,
                "0.4444444444444444": 2,
                "0.5555555555555556": 2,
                "0.6666666666666666": 2,
                "0.7777777777777777": 2,
                "0.8888888888888888": 2,
                "1.0": 2
            }
        },
        "euclidean": {
            "Dlib": {
                "0.0": 0,
                "0.1111111111111111": 2,
                "0.2222222222222222": 2,
                "0.3333333333333333": 2,
                "0.4444444444444444": 2,
                "0.5555555555555556": 2,
                "0.6666666666666666": 2,
                "0.7777777777777777": 2,
                "0.8888888888888888": 2,
                "1.0": 2
            }
        },
        "euclidean_l2": {
            "Dlib": {
                "0.0": 0,
                "0.1111111111111111": 2,
                "0.2222222222222222": 2,
                "0.3333333333333333": 2,
                "0.4444444444444444": 2,
                "0.5555555555555556": 2,
                "0.6666666666666666": 2,
                "0.7777777777777777": 2,
                "0.8888888888888888": 2,
                "1.0": 2
            }
        }
    },
    "genuine_rejections": {
        "cosine": {
            "Dlib": {
                "0.0": 0,
                "0.1111111111111111": 0,
                "0.2222222222222222": 0,
                "0.3333333333333333": 0,
                "0.4444444444444444": 0,
                "0.5555555555555556": 0,
                "0.6666666666666666": 0,
                "0.7777777777777777": 0,
                "0.8888888888888888": 0,
                "1.0": 0
            }
        },
        "euclidean": {
            "Dlib": {
                "0.0": 0,
                "0.1111111111111111": 0,
                "0.2222222222222222": 0,
                "0.3333333333333333": 0,
                "0.4444444444444444": 0,
                "0.5555555555555556": 0,
                "0.6666666666666666": 0,
                "0.7777777777777777": 0,
                "0.8888888888888888": 0,
                "1.0": 0
            }
        },
        "euclidean_l2": {
            "Dlib": {
                "0.0": 0,
                "0.1111111111111111": 0,
                "0.2222222222222222": 0,
                "0.3333333333333333": 0,
                "0.4444444444444444": 0,
                "0.5555555555555556": 0,
                "0.6666666666666666": 0,
                "0.7777777777777777": 0,
                "0.8888888888888888": 0,
                "1.0": 0
            }
        }
    },
    "false_acceptances": {
        "cosine": {
            "Dlib": {
                "0.0": 0,
                "0.1111111111111111": 0,
                "0.2222222222222222": 0,
                "0.3333333333333333": 0,
                "0.4444444444444444": 0,
                "0.5555555555555556": 0,
                "0.6666666666666666": 0,
                "0.7777777777777777": 0,
                "0.8888888888888888": 0,
                "1.0": 0
            }
        },
        "euclidean": {
            "Dlib": {
                "0.0": 0,
                "0.1111111111111111": 0,
                "0.2222222222222222": 0,
                "0.3333333333333333": 0,
                "0.4444444444444444": 0,
                "0.5555555555555556": 0,
                "0.6666666666666666": 0,
                "0.7777777777777777": 0,
                "0.8888888888888888": 0,
                "1.0": 0
            }
        },
        "euclidean_l2": {
            "Dlib": {
                "0.0": 0,
                "0.1111111111111111": 0,
                "0.2222222222222222": 0,
                "0.3333333333333333": 0,
                "0.4444444444444444": 0,
                "0.5555555555555556": 0,
                "0.6666666666666666": 0,
                "0.7777777777777777": 0,
                "0.8888888888888888": 0,
                "1.0": 0
            }
        }
    },
    "false_rejections": {
        "cosine": {
            "Dlib": {
                "0.0": 2,
                "0.1111111111111111": 0,
                "0.2222222222222222": 0,
                "0.3333333333333333": 0,
                "0.4444444444444444": 0,
                "0.5555555555555556": 0,
                "0.6666666666666666": 0,
                "0.7777777777777777": 0,
                "0.8888888888888888": 0,
                "1.0": 0
            }
        },
        "euclidean": {
            "Dlib": {
                "0.0": 2,
                "0.1111111111111111": 0,
                "0.2222222222222222": 0,
                "0.3333333333333333": 0,
                "0.4444444444444444": 0,
                "0.5555555555555556": 0,
                "0.6666666666666666": 0,
                "0.7777777777777777": 0,
                "0.8888888888888888": 0,
                "1.0": 0
            }
        },
        "euclidean_l2": {
            "Dlib": {
                "0.0": 2,
                "0.1111111111111111": 0,
                "0.2222222222222222": 0,
                "0.3333333333333333": 0,
                "0.4444444444444444": 0,
                "0.5555555555555556": 0,
                "0.6666666666666666": 0,
                "0.7777777777777777": 0,
                "0.8888888888888888": 0,
                "1.0": 0
            }
        }
    },
    "genuine_attempts": {
        "cosine": {
            "Dlib": {
                "0.0": 2,
                "0.1111111111111111": 2,
                "0.2222222222222222": 2,
                "0.3333333333333333": 2,
                "0.4444444444444444": 2,
                "0.5555555555555556": 2,
                "0.6666666666666666": 2,
                "0.7777777777777777": 2,
                "0.8888888888888888": 2,
                "1.0": 2
            }
        },
        "euclidean": {
            "Dlib": {
                "0.0": 2,
                "0.1111111111111111": 2,
                "0.2222222222222222": 2,
                "0.3333333333333333": 2,
                "0.4444444444444444": 2,
                "0.5555555555555556": 2,
                "0.6666666666666666": 2,
                "0.7777777777777777": 2,
                "0.8888888888888888": 2,
                "1.0": 2
            }
        },
        "euclidean_l2": {
            "Dlib": {
                "0.0": 2,
                "0.1111111111111111": 2,
                "0.2222222222222222": 2,
                "0.3333333333333333": 2,
                "0.4444444444444444": 2,
                "0.5555555555555556": 2,
                "0.6666666666666666": 2,
                "0.7777777777777777": 2,
                "0.8888888888888888": 2,
                "1.0": 2
            }
        }
    },
    "impostor_attempts": {
        "cosine": {
            "Dlib": {
                "0.0": 0,
                "0.1111111111111111": 0,
                "0.2222222222222222": 0,
                "0.3333333333333333": 0,
                "0.4444444444444444": 0,
                "0.5555555555555556": 0,
                "0.6666666666666666": 0,
                "0.7777777777777777": 0,
                "0.8888888888888888": 0,
                "1.0": 0
            }
        },
        "euclidean": {
            "Dlib": {
                "0.0": 0,
                "0.1111111111111111": 0,
                "0.2222222222222222": 0,
                "0.3333333333333333": 0,
                "0.4444444444444444": 0,
                "0.5555555555555556": 0,
                "0.6666666666666666": 0,
                "0.7777777777777777": 0,
                "0.8888888888888888": 0,
                "1.0": 0
            }
        },
        "euclidean_l2": {
            "Dlib": {
                "0.0": 0,
                "0.1111111111111111": 0,
                "0.2222222222222222": 0,