{
    "0.0": {
        "correct": 1538,
        "wrong": 0
    },
    "0.013513513513513514": {
        "correct": 1329,
        "wrong": 209
    },
    "0.02702702702702703": {
        "correct": 1293,
        "wrong": 245
    },
    "0.04054054054054054": {
        "correct": 1267,
        "wrong": 271
    },
    "0.05405405405405406": {
        "correct": 1243,
        "wrong": 295
    },
    "0.06756756756756757": {
        "correct": 1228,
        "wrong": 310
    },
    "0.08108108108108109": {
        "correct": 1208,
        "wrong": 330
    },
    "0.0945945945945946": {
        "correct": 1193,
        "wrong": 345
    },
    "0.10810810810810811": {
        "correct": 1171,
        "wrong": 367
    },
    "0.12162162162162163": {
        "correct": 1156,
        "wrong": 382
    },
    "0.13513513513513514": {
        "correct": 1140,
        "wrong": 398
    },
    "0.14864864864864866": {
        "correct": 1129,
        "wrong": 409
    },
    "0.16216216216216217": {
        "correct": 1115,
        "wrong": 423
    },
    "0.17567567567567569": {
        "correct": 1108,
        "wrong": 430
    },
    "0.1891891891891892": {
        "correct": 1087,
        "wrong": 451
    },
    "0.20270270270270271": {
        "correct": 1072,
        "wrong": 466
    },
    "0.21621621621621623": {
        "correct": 1058,
        "wrong": 480
    },
    "0.22972972972972974": {
        "correct": 1049,
        "wrong": 489
    },
    "0.24324324324324326": {
        "correct": 1043,
        "wrong": 495
    },
    "0.2567567567567568": {
        "correct": 1033,
        "wrong": 505
    },
    "0.2702702702702703": {
        "correct": 1025,
        "wrong": 513
    },
    "0.28378378378378377": {
        "correct": 1014,
        "wrong": 524
    },
    "0.2972972972972973": {
        "correct": 1004,
        "wrong": 534
    },
    "0.31081081081081086": {
        "correct": 991,
        "wrong": 547
    },
    "0.32432432432432434": {
        "correct": 986,
        "wrong": 552
    },
    "0.33783783783783783": {
        "correct": 979,
        "wrong": 559
    },
    "0.35135135135135137": {
        "correct": 971,
        "wrong": 567
    },
    "0.3648648648648649": {
        "correct": 957,
        "wrong": 581
    },
    "0.3783783783783784": {
        "correct": 945,
        "wrong": 593
    },
    "0.3918918918918919": {
        "correct": 933,
        "wrong": 605
    },
    "0.40540540540540543": {
        "correct": 920,
        "wrong": 618
    },
    "0.41891891891891897": {
        "correct": 909,
        "wrong": 629
    },
    "0.43243243243243246": {
        "correct": 896,
        "wrong": 642
    },
    "0.44594594594594594": {
        "correct": 881,
        "wrong": 657
    },
    "0.4594594594594595": {
        "correct": 868,
        "wrong": 670
    },
    "0.472972972972973": {
        "correct": 860,
        "wrong": 678
    },
    "0.4864864864864865": {
        "correct": 851,
        "wrong": 687
    },
    "0.5": {
        "correct": 839,
        "wrong": 699
    },
    "0.5135135135135136": {
        "correct": 829,
        "wrong": 709
    },
    "0.5270270270270271": {
        "correct": 820,
        "wrong": 718
    },
    "0.5405405405405406": {
        "correct": 814,
        "wrong": 724
    },
    "0.5540540540540541": {
        "correct": 806,
        "wrong": 732
    },
    "0.5675675675675675": {
        "correct": 796,
        "wrong": 742
    },
    "0.5810810810810811": {
        "correct": 787,
        "wrong": 751
    },
    "0.5945945945945946": {
        "correct": 777,
        "wrong": 761
    },
    "0.6081081081081081": {
        "correct": 770,
        "wrong": 768
    },
    "0.6216216216216217": {
        "correct": 758,
        "wrong": 780
    },
    "0.6351351351351352": {
        "correct": 752,
        "wrong": 786
    },
    "0.6486486486486487": {
        "correct": 742,
        "wrong": 796
    },
    "0.6621621621621622": {
        "correct": 730,
        "wrong": 808
    },
    "0.6756756756756757": {
        "correct": 714,
        "wrong": 824
    },
    "0.6891891891891893": {
        "correct": 707,
        "wrong": 831
    },
    "0.7027027027027027": {
        "correct": 692,
        "wrong": 846
    },
    "0.7162162162162162": {
        "correct": 681,
        "wrong": 857
    },
    "0.7297297297297298": {
        "correct": 669,
        "wrong": 869
    },
    "0.7432432432432433": {
        "correct": 650,
        "wrong": 888
    },
    "0.7567567567567568": {
        "correct": 641,
        "wrong": 897
    },
    "0.7702702702702703": {
        "correct": 630,
        "wrong": 908
    },
    "0.7837837837837838": {
        "correct": 621,
        "wrong": 917
    },
    "0.7972972972972974": {
        "correct": 610,
        "wrong": 928
    },
    "0.8108108108108109": {
        "correct": 593,
        "wrong": 945
    },
    "0.8243243243243243": {
        "correct": 579,
        "wrong": 959
    },
    "0.8378378378378379": {
        "correct": 571,
        "wrong": 967
    },
    "0.8513513513513514": {
        "correct": 555,
        "wrong": 983
    },
    "0.8648648648648649": {
        "correct": 543,
        "wrong": 995
    },
    "0.8783783783783784": {
        "correct": 528,
        "wrong": 1010
    },
    "0.8918918918918919": {
        "correct": 519,
        "wrong": 1019
    },
    "0.9054054054054055": {
        "correct": 505,
        "wrong": 1033
    },
    "0.918918918918919": {
        "correct": 487,
        "wrong": 1051
    },
    "0.9324324324324325": {
        "correct": 462,
        "wrong": 1076
    },
    "0.945945945945946": {
        "correct": 444,
        "wrong": 1094
    },
    "0.9594594594594595": {
        "correct": 424,
        "wrong": 1114
    },
    "0.972972972972973": {
        "correct": 377,
        "wrong": 1161
    },
    "0.9864864864864865": {
        "correct": 341,
        "wrong": 1197
    },
    "1.0": {
        "correct": 6,
        "wrong": 1532
    }
}