{
    "0.0": 886,
    "0.010101010101010102": 886,
    "0.020202020202020204": 886,
    "0.030303030303030304": 886,
    "0.04040404040404041": 886,
    "0.05050505050505051": 886,
    "0.06060606060606061": 886,
    "0.07070707070707072": 886,
    "0.08080808080808081": 886,
    "0.09090909090909091": 886,
    "0.10101010101010102": 886,
    "0.11111111111111112": 886,
    "0.12121212121212122": 886,
    "0.13131313131313133": 886,
    "0.14141414141414144": 886,
    "0.15151515151515152": 886,
    "0.16161616161616163": 886,
    "0.17171717171717174": 886,
    "0.18181818181818182": 886,
    "0.19191919191919193": 886,
    "0.20202020202020204": 886,
    "0.21212121212121213": 886,
    "0.22222222222222224": 886,
    "0.23232323232323235": 886,
    "0.24242424242424243": 886,
    "0.25252525252525254": 886,
    "0.26262626262626265": 886,
    "0.27272727272727276": 886,
    "0.2828282828282829": 886,
    "0.29292929292929293": 886,
    "0.30303030303030304": 886,
    "0.31313131313131315": 886,
    "0.32323232323232326": 886,
    "0.33333333333333337": 886,
    "0.3434343434343435": 886,
    "0.3535353535353536": 886,
    "0.36363636363636365": 884,
    "0.37373737373737376": 882,
    "0.38383838383838387": 877,
    "0.393939393939394": 876,
    "0.4040404040404041": 872,
    "0.4141414141414142": 866,
    "0.42424242424242425": 857,
    "0.43434343434343436": 852,
    "0.4444444444444445": 848,
    "0.4545454545454546": 842,
    "0.4646464646464647": 836,
    "0.4747474747474748": 829,
    "0.48484848484848486": 821,
    "0.494949494949495": 816,
    "0.5050505050505051": 810,
    "0.5151515151515152": 803,
    "0.5252525252525253": 790,
    "0.5353535353535354": 784,
    "0.5454545454545455": 776,
    "0.5555555555555556": 767,
    "0.5656565656565657": 761,
    "0.5757575757575758": 757,
    "0.5858585858585859": 747,
    "0.595959595959596": 736,
    "0.6060606060606061": 730,
    "0.6161616161616162": 727,
    "0.6262626262626263": 719,
    "0.6363636363636365": 706,
    "0.6464646464646465": 694,
    "0.6565656565656566": 689,
    "0.6666666666666667": 674,
    "0.6767676767676768": 672,
    "0.686868686868687": 660,
    "0.696969696969697": 651,
    "0.7070707070707072": 642,
    "0.7171717171717172": 638,
    "0.7272727272727273": 630,
    "0.7373737373737375": 624,
    "0.7474747474747475": 614,
    "0.7575757575757577": 608,
    "0.7676767676767677": 600,
    "0.7777777777777778": 590,
    "0.787878787878788": 585,
    "0.797979797979798": 574,
    "0.8080808080808082": 567,
    "0.8181818181818182": 558,
    "0.8282828282828284": 547,
    "0.8383838383838385": 534,
    "0.8484848484848485": 524,
    "0.8585858585858587": 512,
    "0.8686868686868687": 499,
    "0.8787878787878789": 491,
    "0.888888888888889": 478,
    "0.8989898989898991": 471,
    "0.9090909090909092": 466,
    "0.9191919191919192": 454,
    "0.9292929292929294": 450,
    "0.9393939393939394": 440,
    "0.9494949494949496": 419,
    "0.9595959595959597": 397,
    "0.9696969696969697": 377,
    "0.9797979797979799": 354,
    "0.98989898989899": 305,
    "1.0": 0
}