{
    "0.0": {
        "correct": 164,
        "wrong": 0
    },
    "0.010101010101010102": {
        "correct": 149,
        "wrong": 15
    },
    "0.020202020202020204": {
        "correct": 146,
        "wrong": 18
    },
    "0.030303030303030304": {
        "correct": 143,
        "wrong": 21
    },
    "0.04040404040404041": {
        "correct": 139,
        "wrong": 25
    },
    "0.05050505050505051": {
        "correct": 139,
        "wrong": 25
    },
    "0.06060606060606061": {
        "correct": 139,
        "wrong": 25
    },
    "0.07070707070707072": {
        "correct": 138,
        "wrong": 26
    },
    "0.08080808080808081": {
        "correct": 138,
        "wrong": 26
    },
    "0.09090909090909091": {
        "correct": 137,
        "wrong": 27
    },
    "0.10101010101010102": {
        "correct": 137,
        "wrong": 27
    },
    "0.11111111111111112": {
        "correct": 136,
        "wrong": 28
    },
    "0.12121212121212122": {
        "correct": 135,
        "wrong": 29
    },
    "0.13131313131313133": {
        "correct": 135,
        "wrong": 29
    },
    "0.14141414141414144": {
        "correct": 135,
        "wrong": 29
    },
    "0.15151515151515152": {
        "correct": 135,
        "wrong": 29
    },
    "0.16161616161616163": {
        "correct": 135,
        "wrong": 29
    },
    "0.17171717171717174": {
        "correct": 133,
        "wrong": 31
    },
    "0.18181818181818182": {
        "correct": 133,
        "wrong": 31
    },
    "0.19191919191919193": {
        "correct": 133,
        "wrong": 31
    },
    "0.20202020202020204": {
        "correct": 133,
        "wrong": 31
    },
    "0.21212121212121213": {
        "correct": 133,
        "wrong": 31
    },
    "0.22222222222222224": {
        "correct": 133,
        "wrong": 31
    },
    "0.23232323232323235": {
        "correct": 133,
        "wrong": 31
    },
    "0.24242424242424243": {
        "correct": 133,
        "wrong": 31
    },
    "0.25252525252525254": {
        "correct": 132,
        "wrong": 32
    },
    "0.26262626262626265": {
        "correct": 131,
        "wrong": 33
    },
    "0.27272727272727276": {
        "correct": 131,
        "wrong": 33
    },
    "0.2828282828282829": {
        "correct": 131,
        "wrong": 33
    },
    "0.29292929292929293": {
        "correct": 131,
        "wrong": 33
    },
    "0.30303030303030304": {
        "correct": 131,
        "wrong": 33
    },
    "0.31313131313131315": {
        "correct": 131,
        "wrong": 33
    },
    "0.32323232323232326": {
        "correct": 131,
        "wrong": 33
    },
    "0.33333333333333337": {
        "correct": 131,
        "wrong": 33
    },
    "0.3434343434343435": {
        "correct": 130,
        "wrong": 34
    },
    "0.3535353535353536": {
        "correct": 130,
        "wrong": 34
    },
    "0.36363636363636365": {
        "correct": 130,
        "wrong": 34
    },
    "0.37373737373737376": {
        "correct": 129,
        "wrong": 35
    },
    "0.38383838383838387": {
        "correct": 128,
        "wrong": 36
    },
    "0.393939393939394": {
        "correct": 128,
        "wrong": 36
    },
    "0.4040404040404041": {
        "correct": 128,
        "wrong": 36
    },
    "0.4141414141414142": {
        "correct": 126,
        "wrong": 38
    },
    "0.42424242424242425": {
        "correct": 125,
        "wrong": 39
    },
    "0.43434343434343436": {
        "correct": 125,
        "wrong": 39
    },
    "0.4444444444444445": {
        "correct": 125,
        "wrong": 39
    },
    "0.4545454545454546": {
        "correct": 124,
        "wrong": 40
    },
    "0.4646464646464647": {
        "correct": 123,
        "wrong": 41
    },
    "0.4747474747474748": {
        "correct": 122,
        "wrong": 42
    },
    "0.48484848484848486": {
        "correct": 121,
        "wrong": 43
    },
    "0.494949494949495": {
        "correct": 121,
        "wrong": 43
    },
    "0.5050505050505051": {
        "correct": 120,
        "wrong": 44
    },
    "0.5151515151515152": {
        "correct": 120,
        "wrong": 44
    },
    "0.5252525252525253": {
        "correct": 120,
        "wrong": 44
    },
    "0.5353535353535354": {
        "correct": 120,
        "wrong": 44
    },
    "0.5454545454545455": {
        "correct": 119,
        "wrong": 45
    },
    "0.5555555555555556": {
        "correct": 119,
        "wrong": 45
    },
    "0.5656565656565657": {
        "correct": 117,
        "wrong": 47
    },
    "0.5757575757575758": {
        "correct": 117,
        "wrong": 47
    },
    "0.5858585858585859": {
        "correct": 117,
        "wrong": 47
    },
    "0.595959595959596": {
        "correct": 116,
        "wrong": 48
    },
    "0.6060606060606061": {
        "correct": 116,
        "wrong": 48
    },
    "0.6161616161616162": {
        "correct": 114,
        "wrong": 50
    },
    "0.6262626262626263": {
        "correct": 113,
        "wrong": 51
    },
    "0.6363636363636365": {
        "correct": 112,
        "wrong": 52
    },
    "0.6464646464646465": {
        "correct": 112,
        "wrong": 52
    },
    "0.6565656565656566": {
        "correct": 112,
        "wrong": 52
    },
    "0.6666666666666667": {
        "correct": 112,
        "wrong": 52
    },
    "0.6767676767676768": {
        "correct": 111,
        "wrong": 53
    },
    "0.686868686868687": {
        "correct": 111,
        "wrong": 53
    },
    "0.696969696969697": {
        "correct": 111,
        "wrong": 53
    },
    "0.7070707070707072": {
        "correct": 110,
        "wrong": 54
    },
    "0.7171717171717172": {
        "correct": 108,
        "wrong": 56
    },
    "0.7272727272727273": {
        "correct": 108,
        "wrong": 56
    },
    "0.7373737373737375": {
        "correct": 106,
        "wrong": 58
    },
    "0.7474747474747475": {
        "correct": 105,
        "wrong": 59
    },
    "0.7575757575757577": {
        "correct": 105,
        "wrong": 59
    },
    "0.7676767676767677": {
        "correct": 102,
        "wrong": 62
    },
    "0.7777777777777778": {
        "correct": 101,
        "wrong": 63
    },
    "0.787878787878788": {
        "correct": 99,
        "wrong": 65
    },
    "0.797979797979798": {
        "correct": 96,
        "wrong": 68
    },
    "0.8080808080808082": {
        "correct": 95,
        "wrong": 69
    },
    "0.8181818181818182": {
        "correct": 95,
        "wrong": 69
    },
    "0.8282828282828284": {
        "correct": 93,
        "wrong": 71
    },
    "0.8383838383838385": {
        "correct": 91,
        "wrong": 73
    },
    "0.8484848484848485": {
        "correct": 91,
        "wrong": 73
    },
    "0.8585858585858587": {
        "correct": 90,
        "wrong": 74
    },
    "0.8686868686868687": {
        "correct": 90,
        "wrong": 74
    },
    "0.8787878787878789": {
        "correct": 88,
        "wrong": 76
    },
    "0.888888888888889": {
        "correct": 87,
        "wrong": 77
    },
    "0.8989898989898991": {
        "correct": 85,
        "wrong": 79
    },
    "0.9090909090909092": {
        "correct": 85,
        "wrong": 79
    },
    "0.9191919191919192": {
        "correct": 82,
        "wrong": 82
    },
    "0.9292929292929294": {
        "correct": 79,
        "wrong": 85
    },
    "0.9393939393939394": {
        "correct": 79,
        "wrong": 85
    },
    "0.9494949494949496": {
        "correct": 75,
        "wrong": 89
    },
    "0.9595959595959597": {
        "correct": 72,
        "wrong": 92
    },
    "0.9696969696969697": {
        "correct": 67,
        "wrong": 97
    },
    "0.9797979797979799": {
        "correct": 62,
        "wrong": 102
    },
    "0.98989898989899": {
        "correct": 52,
        "wrong": 112
    },
    "1.0": {
        "correct": 1,
        "wrong": 163
    }
}