{
    "VGG-Face": {
        "0.0": {
            "correct": 99,
            "wrong": 0
        },
        "0.010101010101010102": {
            "correct": 80,
            "wrong": 19
        },
        "0.020202020202020204": {
            "correct": 77,
            "wrong": 22
        },
        "0.030303030303030304": {
            "correct": 75,
            "wrong": 24
        },
        "0.04040404040404041": {
            "correct": 74,
            "wrong": 25
        },
        "0.05050505050505051": {
            "correct": 71,
            "wrong": 28
        },
        "0.06060606060606061": {
            "correct": 69,
            "wrong": 30
        },
        "0.07070707070707072": {
            "correct": 68,
            "wrong": 31
        },
        "0.08080808080808081": {
            "correct": 68,
            "wrong": 31
        },
        "0.09090909090909091": {
            "correct": 68,
            "wrong": 31
        },
        "0.10101010101010102": {
            "correct": 67,
            "wrong": 32
        },
        "0.11111111111111112": {
            "correct": 67,
            "wrong": 32
        },
        "0.12121212121212122": {
            "correct": 67,
            "wrong": 32
        },
        "0.13131313131313133": {
            "correct": 66,
            "wrong": 33
        },
        "0.14141414141414144": {
            "correct": 66,
            "wrong": 33
        },
        "0.15151515151515152": {
            "correct": 65,
            "wrong": 34
        },
        "0.16161616161616163": {
            "correct": 65,
            "wrong": 34
        },
        "0.17171717171717174": {
            "correct": 64,
            "wrong": 35
        },
        "0.18181818181818182": {
            "correct": 64,
            "wrong": 35
        },
        "0.19191919191919193": {
            "correct": 64,
            "wrong": 35
        },
        "0.20202020202020204": {
            "correct": 64,
            "wrong": 35
        },
        "0.21212121212121213": {
            "correct": 64,
            "wrong": 35
        },
        "0.22222222222222224": {
            "correct": 64,
            "wrong": 35
        },
        "0.23232323232323235": {
            "correct": 64,
            "wrong": 35
        },
        "0.24242424242424243": {
            "correct": 64,
            "wrong": 35
        },
        "0.25252525252525254": {
            "correct": 64,
            "wrong": 35
        },
        "0.26262626262626265": {
            "correct": 63,
            "wrong": 36
        },
        "0.27272727272727276": {
            "correct": 63,
            "wrong": 36
        },
        "0.2828282828282829": {
            "correct": 63,
            "wrong": 36
        },
        "0.29292929292929293": {
            "correct": 63,
            "wrong": 36
        },
        "0.30303030303030304": {
            "correct": 63,
            "wrong": 36
        },
        "0.31313131313131315": {
            "correct": 62,
            "wrong": 37
        },
        "0.32323232323232326": {
            "correct": 61,
            "wrong": 38
        },
        "0.33333333333333337": {
            "correct": 60,
            "wrong": 39
        },
        "0.3434343434343435": {
            "correct": 59,
            "wrong": 40
        },
        "0.3535353535353536": {
            "correct": 59,
            "wrong": 40
        },
        "0.36363636363636365": {
            "correct": 59,
            "wrong": 40
        },
        "0.37373737373737376": {
            "correct": 59,
            "wrong": 40
        },
        "0.38383838383838387": {
            "correct": 59,
            "wrong": 40
        },
        "0.393939393939394": {
            "correct": 59,
            "wrong": 40
        },
        "0.4040404040404041": {
            "correct": 58,
            "wrong": 41
        },
        "0.4141414141414142": {
            "correct": 58,
            "wrong": 41
        },
        "0.42424242424242425": {
            "correct": 58,
            "wrong": 41
        },
        "0.43434343434343436": {
            "correct": 58,
            "wrong": 41
        },
        "0.4444444444444445": {
            "correct": 58,
            "wrong": 41
        },
        "0.4545454545454546": {
            "correct": 57,
            "wrong": 42
        },
        "0.4646464646464647": {
            "correct": 56,
            "wrong": 43
        },
        "0.4747474747474748": {
            "correct": 56,
            "wrong": 43
        },
        "0.48484848484848486": {
            "correct": 55,
            "wrong": 44
        },
        "0.494949494949495": {
            "correct": 55,
            "wrong": 44
        },
        "0.5050505050505051": {
            "correct": 55,
            "wrong": 44
        },
        "0.5151515151515152": {
            "correct": 55,
            "wrong": 44
        },
        "0.5252525252525253": {
            "correct": 54,
            "wrong": 45
        },
        "0.5353535353535354": {
            "correct": 53,
            "wrong": 46
        },
        "0.5454545454545455": {
            "correct": 53,
            "wrong": 46
        },
        "0.5555555555555556": {
            "correct": 51,
            "wrong": 48
        },
        "0.5656565656565657": {
            "correct": 51,
            "wrong": 48
        },
        "0.5757575757575758": {
            "correct": 51,
            "wrong": 48
        },
        "0.5858585858585859": {
            "correct": 50,
            "wrong": 49
        },
        "0.595959595959596": {
            "correct": 50,
            "wrong": 49
        },
        "0.6060606060606061": {
            "correct": 50,
            "wrong": 49
        },
        "0.6161616161616162": {
            "correct": 50,
            "wrong": 49
        },
        "0.6262626262626263": {
            "correct": 50,
            "wrong": 49
        },
        "0.6363636363636365": {
            "correct": 49,
            "wrong": 50
        },
        "0.6464646464646465": {
            "correct": 49,
            "wrong": 50
        },
        "0.6565656565656566": {
            "correct": 49,
            "wrong": 50
        },
        "0.6666666666666667": {
            "correct": 48,
            "wrong": 51
        },
        "0.6767676767676768": {
            "correct": 48,
            "wrong": 51
        },
        "0.686868686868687": {
            "correct": 47,
            "wrong": 52
        },
        "0.696969696969697": {
            "correct": 47,
            "wrong": 52
        },
        "0.7070707070707072": {
            "correct": 47,
            "wrong": 52
        },
        "0.7171717171717172": {
            "correct": 47,
            "wrong": 52
        },
        "0.7272727272727273": {
            "correct": 46,
            "wrong": 53
        },
        "0.7373737373737375": {
            "correct": 46,
            "wrong": 53
        },
        "0.7474747474747475": {
            "correct": 45,
            "wrong": 54
        },
        "0.7575757575757577": {
            "correct": 45,
            "wrong": 54
        },
        "0.7676767676767677": {
            "correct": 45,
            "wrong": 54
        },
        "0.7777777777777778": {
            "correct": 45,
            "wrong": 54
        },
        "0.787878787878788": {
            "correct": 45,
            "wrong": 54
        },
        "0.797979797979798": {
            "correct": 45,
            "wrong": 54
        },
        "0.8080808080808082": {
            "correct": 45,
            "wrong": 54
        },
        "0.8181818181818182": {
            "correct": 44,
            "wrong": 55
        },
        "0.8282828282828284": {
            "correct": 43,
            "wrong": 56
        },
        "0.8383838383838385": {
            "correct": 43,
            "wrong": 56
        },
        "0.8484848484848485": {
            "correct": 41,