{
    "0.0": 885,
    "0.010101010101010102": 885,
    "0.020202020202020204": 885,
    "0.030303030303030304": 885,
    "0.04040404040404041": 885,
    "0.05050505050505051": 885,
    "0.06060606060606061": 885,
    "0.07070707070707072": 885,
    "0.08080808080808081": 885,
    "0.09090909090909091": 885,
    "0.10101010101010102": 885,
    "0.11111111111111112": 885,
    "0.12121212121212122": 885,
    "0.13131313131313133": 885,
    "0.14141414141414144": 885,
    "0.15151515151515152": 885,
    "0.16161616161616163": 885,
    "0.17171717171717174": 885,
    "0.18181818181818182": 885,
    "0.19191919191919193": 885,
    "0.20202020202020204": 885,
    "0.21212121212121213": 885,
    "0.22222222222222224": 885,
    "0.23232323232323235": 885,
    "0.24242424242424243": 885,
    "0.25252525252525254": 885,
    "0.26262626262626265": 885,
    "0.27272727272727276": 885,
    "0.2828282828282829": 885,
    "0.29292929292929293": 885,
    "0.30303030303030304": 885,
    "0.31313131313131315": 885,
    "0.32323232323232326": 885,
    "0.33333333333333337": 885,
    "0.3434343434343435": 885,
    "0.3535353535353536": 885,
    "0.36363636363636365": 883,
    "0.37373737373737376": 881,
    "0.38383838383838387": 876,
    "0.393939393939394": 875,
    "0.4040404040404041": 871,
    "0.4141414141414142": 865,
    "0.42424242424242425": 856,
    "0.43434343434343436": 850,
    "0.4444444444444445": 846,
    "0.4545454545454546": 839,
    "0.4646464646464647": 833,
    "0.4747474747474748": 826,
    "0.48484848484848486": 818,
    "0.494949494949495": 813,
    "0.5050505050505051": 807,
    "0.5151515151515152": 800,
    "0.5252525252525253": 787,
    "0.5353535353535354": 781,
    "0.5454545454545455": 773,
    "0.5555555555555556": 764,
    "0.5656565656565657": 758,
    "0.5757575757575758": 754,
    "0.5858585858585859": 744,
    "0.595959595959596": 733,
    "0.6060606060606061": 727,
    "0.6161616161616162": 725,
    "0.6262626262626263": 717,
    "0.6363636363636365": 705,
    "0.6464646464646465": 693,
    "0.6565656565656566": 688,
    "0.6666666666666667": 673,
    "0.6767676767676768": 671,
    "0.686868686868687": 659,
    "0.696969696969697": 650,
    "0.7070707070707072": 640,
    "0.7171717171717172": 636,
    "0.7272727272727273": 628,
    "0.7373737373737375": 622,
    "0.7474747474747475": 613,
    "0.7575757575757577": 607,
    "0.7676767676767677": 598,
    "0.7777777777777778": 587,
    "0.787878787878788": 582,
    "0.797979797979798": 571,
    "0.8080808080808082": 564,
    "0.8181818181818182": 555,
    "0.8282828282828284": 545,
    "0.8383838383838385": 532,
    "0.8484848484848485": 522,
    "0.8585858585858587": 510,
    "0.8686868686868687": 497,
    "0.8787878787878789": 490,
    "0.888888888888889": 478,
    "0.8989898989898991": 471,
    "0.9090909090909092": 466,
    "0.9191919191919192": 454,
    "0.9292929292929294": 450,
    "0.9393939393939394": 440,
    "0.9494949494949496": 419,
    "0.9595959595959597": 397,
    "0.9696969696969697": 377,
    "0.9797979797979799": 352,
    "0.98989898989899": 303,
    "1.0": 0
}