{
    "0.0": 885,
    "0.010101010101010102": 885,
    "0.020202020202020204": 885,
    "0.030303030303030304": 885,
    "0.04040404040404041": 885,
    "0.05050505050505051": 885,
    "0.06060606060606061": 885,
    "0.07070707070707072": 885,
    "0.08080808080808081": 885,
    "0.09090909090909091": 885,
    "0.10101010101010102": 885,
    "0.11111111111111112": 885,
    "0.12121212121212122": 885,
    "0.13131313131313133": 885,
    "0.14141414141414144": 885,
    "0.15151515151515152": 885,
    "0.16161616161616163": 885,
    "0.17171717171717174": 885,
    "0.18181818181818182": 885,
    "0.19191919191919193": 885,
    "0.20202020202020204": 885,
    "0.21212121212121213": 885,
    "0.22222222222222224": 885,
    "0.23232323232323235": 885,
    "0.24242424242424243": 885,
    "0.25252525252525254": 885,
    "0.26262626262626265": 885,
    "0.27272727272727276": 885,
    "0.2828282828282829": 885,
    "0.29292929292929293": 885,
    "0.30303030303030304": 885,
    "0.31313131313131315": 885,
    "0.32323232323232326": 885,
    "0.33333333333333337": 885,
    "0.3434343434343435": 885,
    "0.3535353535353536": 885,
    "0.36363636363636365": 883,
    "0.37373737373737376": 881,
    "0.38383838383838387": 875,
    "0.393939393939394": 874,
    "0.4040404040404041": 870,
    "0.4141414141414142": 864,
    "0.42424242424242425": 855,
    "0.43434343434343436": 848,
    "0.4444444444444445": 844,
    "0.4545454545454546": 838,
    "0.4646464646464647": 832,
    "0.4747474747474748": 825,
    "0.48484848484848486": 817,
    "0.494949494949495": 812,
    "0.5050505050505051": 806,
    "0.5151515151515152": 798,
    "0.5252525252525253": 785,
    "0.5353535353535354": 779,
    "0.5454545454545455": 772,
    "0.5555555555555556": 763,
    "0.5656565656565657": 757,
    "0.5757575757575758": 753,
    "0.5858585858585859": 743,
    "0.595959595959596": 732,
    "0.6060606060606061": 726,
    "0.6161616161616162": 724,
    "0.6262626262626263": 716,
    "0.6363636363636365": 704,
    "0.6464646464646465": 692,
    "0.6565656565656566": 686,
    "0.6666666666666667": 671,
    "0.6767676767676768": 669,
    "0.686868686868687": 657,
    "0.696969696969697": 648,
    "0.7070707070707072": 638,
    "0.7171717171717172": 634,
    "0.7272727272727273": 626,
    "0.7373737373737375": 620,
    "0.7474747474747475": 610,
    "0.7575757575757577": 604,
    "0.7676767676767677": 596,
    "0.7777777777777778": 586,
    "0.787878787878788": 581,
    "0.797979797979798": 570,
    "0.8080808080808082": 563,
    "0.8181818181818182": 554,
    "0.8282828282828284": 544,
    "0.8383838383838385": 531,
    "0.8484848484848485": 521,
    "0.8585858585858587": 509,
    "0.8686868686868687": 495,
    "0.8787878787878789": 487,
    "0.888888888888889": 475,
    "0.8989898989898991": 468,
    "0.9090909090909092": 463,
    "0.9191919191919192": 451,
    "0.9292929292929294": 447,
    "0.9393939393939394": 438,
    "0.9494949494949496": 417,
    "0.9595959595959597": 396,
    "0.9696969696969697": 376,
    "0.9797979797979799": 351,
    "0.98989898989899": 302,
    "1.0": 0
}