{
    "0.0": {
        "correct": 1703,
        "wrong": 0
    },
    "0.010101010101010102": {
        "correct": 1393,
        "wrong": 310
    },
    "0.020202020202020204": {
        "correct": 1345,
        "wrong": 358
    },
    "0.030303030303030304": {
        "correct": 1321,
        "wrong": 382
    },
    "0.04040404040404041": {
        "correct": 1300,
        "wrong": 403
    },
    "0.05050505050505051": {
        "correct": 1280,
        "wrong": 423
    },
    "0.06060606060606061": {
        "correct": 1267,
        "wrong": 436
    },
    "0.07070707070707072": {
        "correct": 1258,
        "wrong": 445
    },
    "0.08080808080808081": {
        "correct": 1247,
        "wrong": 456
    },
    "0.09090909090909091": {
        "correct": 1235,
        "wrong": 468
    },
    "0.10101010101010102": {
        "correct": 1229,
        "wrong": 474
    },
    "0.11111111111111112": {
        "correct": 1214,
        "wrong": 489
    },
    "0.12121212121212122": {
        "correct": 1207,
        "wrong": 496
    },
    "0.13131313131313133": {
        "correct": 1200,
        "wrong": 503
    },
    "0.14141414141414144": {
        "correct": 1190,
        "wrong": 513
    },
    "0.15151515151515152": {
        "correct": 1177,
        "wrong": 526
    },
    "0.16161616161616163": {
        "correct": 1175,
        "wrong": 528
    },
    "0.17171717171717174": {
        "correct": 1164,
        "wrong": 539
    },
    "0.18181818181818182": {
        "correct": 1153,
        "wrong": 550
    },
    "0.19191919191919193": {
        "correct": 1147,
        "wrong": 556
    },
    "0.20202020202020204": {
        "correct": 1137,
        "wrong": 566
    },
    "0.21212121212121213": {
        "correct": 1127,
        "wrong": 576
    },
    "0.22222222222222224": {
        "correct": 1116,
        "wrong": 587
    },
    "0.23232323232323235": {
        "correct": 1108,
        "wrong": 595
    },
    "0.24242424242424243": {
        "correct": 1097,
        "wrong": 606
    },
    "0.25252525252525254": {
        "correct": 1092,
        "wrong": 611
    },
    "0.26262626262626265": {
        "correct": 1082,
        "wrong": 621
    },
    "0.27272727272727276": {
        "correct": 1079,
        "wrong": 624
    },
    "0.2828282828282829": {
        "correct": 1073,
        "wrong": 630
    },
    "0.29292929292929293": {
        "correct": 1067,
        "wrong": 636
    },
    "0.30303030303030304": {
        "correct": 1061,
        "wrong": 642
    },
    "0.31313131313131315": {
        "correct": 1060,
        "wrong": 643
    },
    "0.32323232323232326": {
        "correct": 1048,
        "wrong": 655
    },
    "0.33333333333333337": {
        "correct": 1040,
        "wrong": 663
    },
    "0.3434343434343435": {
        "correct": 1032,
        "wrong": 671
    },
    "0.3535353535353536": {
        "correct": 1030,
        "wrong": 673
    },
    "0.36363636363636365": {
        "correct": 1023,
        "wrong": 680
    },
    "0.37373737373737376": {
        "correct": 1018,
        "wrong": 685
    },
    "0.38383838383838387": {
        "correct": 1008,
        "wrong": 695
    },
    "0.393939393939394": {
        "correct": 1007,
        "wrong": 696
    },
    "0.4040404040404041": {
        "correct": 1001,
        "wrong": 702
    },
    "0.4141414141414142": {
        "correct": 989,
        "wrong": 714
    },
    "0.42424242424242425": {
        "correct": 978,
        "wrong": 725
    },
    "0.43434343434343436": {
        "correct": 973,
        "wrong": 730
    },
    "0.4444444444444445": {
        "correct": 967,
        "wrong": 736
    },
    "0.4545454545454546": {
        "correct": 958,
        "wrong": 745
    },
    "0.4646464646464647": {
        "correct": 950,
        "wrong": 753
    },
    "0.4747474747474748": {
        "correct": 940,
        "wrong": 763
    },
    "0.48484848484848486": {
        "correct": 924,
        "wrong": 779
    },
    "0.494949494949495": {
        "correct": 917,
        "wrong": 786
    },
    "0.5050505050505051": {
        "correct": 909,
        "wrong": 794
    },
    "0.5151515151515152": {
        "correct": 902,
        "wrong": 801
    },
    "0.5252525252525253": {
        "correct": 889,
        "wrong": 814
    },
    "0.5353535353535354": {
        "correct": 885,
        "wrong": 818
    },
    "0.5454545454545455": {
        "correct": 876,
        "wrong": 827
    },
    "0.5555555555555556": {
        "correct": 867,
        "wrong": 836
    },
    "0.5656565656565657": {
        "correct": 859,
        "wrong": 844
    },
    "0.5757575757575758": {
        "correct": 855,
        "wrong": 848
    },
    "0.5858585858585859": {
        "correct": 845,
        "wrong": 858
    },
    "0.595959595959596": {
        "correct": 834,
        "wrong": 869
    },
    "0.6060606060606061": {
        "correct": 828,
        "wrong": 875
    },
    "0.6161616161616162": {
        "correct": 824,
        "wrong": 879
    },
    "0.6262626262626263": {
        "correct": 816,
        "wrong": 887
    },
    "0.6363636363636365": {
        "correct": 802,
        "wrong": 901
    },
    "0.6464646464646465": {
        "correct": 791,
        "wrong": 912
    },
    "0.6565656565656566": {
        "correct": 786,
        "wrong": 917
    },
    "0.6666666666666667": {
        "correct": 771,
        "wrong": 932
    },
    "0.6767676767676768": {
        "correct": 768,
        "wrong": 935
    },
    "0.686868686868687": {
        "correct": 755,
        "wrong": 948
    },
    "0.696969696969697": {
        "correct": 747,
        "wrong": 956
    },
    "0.7070707070707072": {
        "correct": 737,
        "wrong": 966
    },
    "0.7171717171717172": {
        "correct": 730,
        "wrong": 973
    },
    "0.7272727272727273": {
        "correct": 722,
        "wrong": 981
    },
    "0.7373737373737375": {
        "correct": 716,
        "wrong": 987
    },
    "0.7474747474747475": {
        "correct": 706,
        "wrong": 997
    },
    "0.7575757575757577": {
        "correct": 701,
        "wrong": 1002
    },
    "0.7676767676767677": {
        "correct": 690,
        "wrong": 1013
    },
    "0.7777777777777778": {
        "correct": 679,
        "wrong": 1024
    },
    "0.787878787878788": {
        "correct": 672,
        "wrong": 1031
    },
    "0.797979797979798": {
        "correct": 658,
        "wrong": 1045
    },
    "0.8080808080808082": {
        "correct": 649,
        "wrong": 1054
    },
    "0.8181818181818182": {
        "correct": 641,
        "wrong": 1062
    },
    "0.8282828282828284": {
        "correct": 628,
        "wrong": 1075
    },
    "0.8383838383838385": {
        "correct": 613,
        "wrong": 1090
    },
    "0.8484848484848485": {
        "correct": 605,
        "wrong": 1098
    },
    "0.8585858585858587": {
        "correct": 592,
        "wrong": 1111
    },
    "0.8686868686868687": {
        "correct": 581,
        "wrong": 1122
    },
    "0.8787878787878789": {
        "correct": 571,
        "wrong": 1132
    },
    "0.888888888888889": {
        "correct": 556,
        "wrong": 1147
    },
    "0.8989898989898991": {
        "correct": 547,
        "wrong": 1156
    },
    "0.9090909090909092": {
        "correct": 542,
        "wrong": 1161
    },
    "0.9191919191919192": {
        "correct": 525,
        "wrong": 1178
    },
    "0.9292929292929294": {
        "correct": 518,
        "wrong": 1185
    },
    "0.9393939393939394": {
        "correct": 507,
        "wrong": 1196
    },
    "0.9494949494949496": {
        "correct": 481,
        "wrong": 1222
    },
    "0.9595959595959597": {
        "correct": 456,
        "wrong": 1247
    },
    "0.9696969696969697": {
        "correct": 432,
        "wrong": 1271
    },
    "0.9797979797979799": {
        "correct": 404,
        "wrong": 1299
    },
    "0.98989898989899": {
        "correct": 348,
        "wrong": 1355
    },